{"q05": -50608.81123161077, "q95": 55487.26151882836}